X,Y,OBJECTID,NAME,ADDRESS,CITY,STATE,ZIP,JURISDIC,L_SRC,SOURCE,L_DATE
182497.929499999,868705.072700001,1,DOUGLAS POLICE DEPARTMENT,29 DEPOT STREET,DOUGLAS,MA,01516,LOCAL,MEMA,MEMA,2006/09/12 00:00:00+00
218163.214100003,888129.656199999,2,DOVER POLICE DEPARTMENT,3 WALPOLE STREET,DOVER,MA,02030,LOCAL,MEMA,MEMA,2006/09/12 00:00:00+00
167248.734499998,866182.205499999,3,DUDLEY POLICE DEPARTMENT,71 WEST MAIN STREET,DUDLEY,MA,01571,LOCAL,MEMA,MEMA,2014/03/01 00:00:00+00
201306.4142,935882.390900001,4,DUNSTABLE POLICE DEPARTMENT,23 PLEASANT STREET,DUNSTABLE,MA,01827,LOCAL,MAPC,MEMA,2006/09/12 00:00:00+00
266232.949500002,865097.6424,5,DUXBURY POLICE DEPARTMENT,155 MAYFLOWER STREET,DUXBURY,MA,02332,LOCAL,MASSGIS,MASSGIS,2022/05/03 00:00:00+00
245098.191100001,864435.610199999,6,EAST BRIDGEWATER POLICE DEPARTMENT,153 CENTRAL STREET,EAST BRIDGEWATER,MA,02333,LOCAL,MEMA,MEMA,2006/09/12 00:00:00+00
326809.974200003,843475.100900002,7,EASTHAM POLICE DEPARTMENT,2550 STATE HIGHWAY,EASTHAM,MA,02642,LOCAL,CAPECODCOM,MEMA,2014/03/01 00:00:00+00
232407.674199998,867402.240899999,8,EASTON POLICE DEPARTMENT,46 LOTHOROP STREET,EASTON,MA,02356,LOCAL,MEMA,MEMA,2006/09/12 00:00:00+00
118762.707999997,927125.9859,9,ERVING POLICE DEPARTMENT,71 FRENCH KING HIGHWAY,ERVING,MA,01344,LOCAL,BRPC,MEMA,2006/09/12 00:00:00+00
237471.674199998,906995.190900002,10,EVERETT POLICE DEPARTMENT,45 ELM STREET,EVERETT,MA,02149,LOCAL,MEMA,MEMA,2006/09/12 00:00:00+00
250605.434199996,821270.400899999,11,FAIRHAVEN POLICE DEPARTMENT,1 BRYANT LANE,FAIRHAVEN,MA,02719,LOCAL,SRPED,MEMA,2006/09/12 00:00:00+00
229655.421599999,827447.7335,12,FALL RIVER POLICE DEPARTMENT,685 PLEASANT STREET,FALL RIVER,MA,02721,LOCAL,MEMA,MEMA,2006/09/12 00:00:00+00
274797.492799997,811951.229400001,13,FALMOUTH POLICE DEPARTMENT,750 MAIN STREET,FALMOUTH,MA,02540,LOCAL,MEMA,MEMA,2006/09/12 00:00:00+00
219994.0528,869462.796599999,14,FOXBOROUGH POLICE DEPARTMENT,8 CHESTNUT STREET,FOXBOROUGH,MA,02035,LOCAL,MEMA,MEMA,2014/03/01 00:00:00+00
207290.056999996,871180.554400001,15,FRANKLIN POLICE DEPARTMENT,911 PANTHER WAY,FRANKLIN,MA,02038,LOCAL,MEMA,MEMA,2006/09/12 00:00:00+00
240495.625799999,834886.2324,16,FREETOWN POLICE DEPARTMENT,15 MEMORIAL DRIVE,FREETOWN,MA,02717,LOCAL,MASSGIS,MASSGIS,2022/05/04 00:00:00+00
148666.116899997,896489.227600001,17,HARDWICK POLICE DEPARTMENT,20 MEMORIAL DRIVE,NEW BRAINTREE,MA,01082,LOCAL,TOWN,MASSGIS,2022/05/04 00:00:00+00
184052.505500004,884368.044799998,18,GRAFTON POLICE DEPARTMENT,26 PROVIDENCE ROAD,GRAFTON,MA,01519,LOCAL,MEMA,MEMA,2006/09/12 00:00:00+00
252652.891099997,860283.510200001,19,HALIFAX POLICE DEPARTMENT,540 PLYMOUTH STREET,HALIFAX,MA,02338,LOCAL,MEMA,MEMA,2014/03/01 00:00:00+00
255914.334200002,873943.530900002,20,HANOVER POLICE DEPARTMENT,129 ROCKLAND STREET,HANOVER,MA,02339,LOCAL,MEMA,MEMA,2006/09/12 00:00:00+00
252167.873099998,865697.244800001,21,HANSON POLICE DEPARTMENT,775 MAIN STREET,HANSON,MA,02341,LOCAL,MEMA,MEMA,2014/03/01 00:00:00+00
318077.955200002,826586.685899999,22,HARWICH POLICE DEPARTMENT,183 SISSON ROAD,HARWICH,MA,02645,LOCAL,CAPECODCOM,MEMA,2006/09/12 00:00:00+00
250689.749799997,886972.6105,23,HINGHAM POLICE DEPARTMENT,212 CENTRAL STREET,HINGHAM,MA,02043,LOCAL,MAPC,MEMA,2006/09/12 00:00:00+00
240575.770499997,877423.015700001,24,HOLBROOK POLICE DEPARTMENT,300 SOUTH FRANKLIN STREET,HOLBROOK,MA,02343,LOCAL,MEMA,MEMA,2014/03/01 00:00:00+00
169429.832999997,900358.903200001,25,HOLDEN POLICE DEPARTMENT,1370 MAIN STREET,HOLDEN,MA,01520,LOCAL,MEMA,MEMA,2014/03/01 00:00:00+00
196679.230499998,875438.964899998,26,HOPEDALE POLICE DEPARTMENT,70 HOPEDALE STREET,HOPEDALE,MA,01747,LOCAL,MEMA,MEMA,2006/09/12 00:00:00+00
253958.394199997,890720.6109,27,HULL POLICE DEPARTMENT,1 SCHOOL STREET,HULL,MA,02045,LOCAL,MAPC,MEMA,2006/09/12 00:00:00+00
245646.147399999,844469.955200002,28,LAKEVILLE POLICE DEPARTMENT,323 BEDFORD STREET,LAKEVILLE,MA,02347,LOCAL,MASSGIS,MASSGIS,2022/05/04 00:00:00+00
238304.474200003,899481.390900001,29,BOSTON POLICE DEPARTMENT HARBOR PATROL,34 DRYDOCK AVENUE,BOSTON,MA,02210,LOCAL,MEMA,MEMA,2006/09/12 00:00:00+00
274307.160599999,833853.171300001,30,BOURNE POLICE DEPARTMENT,35 ARMORY STREET,BOURNE,MA,02532,LOCAL,MASSGIS,MASSGIS,2022/05/02 00:00:00+00
178978.863700002,897566.874299999,31,BOYLSTON POLICE DEPARTMENT,215 MAIN STREET,BOYLSTON,MA,01505,LOCAL,MASSGIS,MASSGIS,2022/05/02 00:00:00+00
241815.554200001,884718.570900001,32,BRAINTREE POLICE DEPARTMENT,282 UNION STREET,BRAINTREE,MA,02184,LOCAL,MAPC,MEMA,2006/09/12 00:00:00+00
318140.464199997,833700.670899998,33,BREWSTER POLICE DEPARTMENT,631 HARWICH ROAD,BREWSTER,MA,02631,LOCAL,MEMA,MEMA,2006/09/12 00:00:00+00
242506.009199999,859710.5198,34,BRIDGEWATER POLICE DEPARTMENT,220 PLEASENT STREET,BRIDGEWATER,MA,02324,LOCAL,MEMA,MEMA,2006/09/12 00:00:00+00
228788.974200003,899932.810899999,35,BOSTON POLICE DEPARTMENT DISTRICT D-14,301 WASHINGTON STREET,BOSTON,MA,02135,LOCAL,MEMA,CITY,2006/09/12 00:00:00+00
240027.2042,870612.640900001,36,BROCKTON POLICE DEPARTMENT,7 COMMERCIAL STREET,BROCKTON,MA,02302,LOCAL,MEMA,MEMA,2006/09/12 00:00:00+00
231218.2042,898202.120900001,37,BROOKLINE POLICE DEPARTMENT,350 WASHINGTON STREET,BROOKLINE,MA,02445,LOCAL,MEMA,MEMA,2006/09/12 00:00:00+00
234105.249399997,901943.257300001,38,CAMBRIDGE POLICE DEPARTMENT,125 6TH STREET,CAMBRIDGE,MA,02139,LOCAL,MEMA,MEMA,2014/03/01 00:00:00+00
230177.964400001,880582.930399999,39,CANTON POLICE DEPARTMENT,1492 WASHINGTON STREET,CANTON,MA,02021,LOCAL,MEMA,MEMA,2014/03/01 00:00:00+00
260608.741499998,849167.125300001,40,CARVER POLICE DEPARTMENT,3 CENTER STREET,CARVER,MA,02330,LOCAL,MASSGIS,MASSGIS,2022/05/02 00:00:00+00
160762.424199998,876684.720899999,41,CHARLTON POLICE DEPARTMENT,85 MASONIC HOME ROAD,CHARLTON,MA,01507,LOCAL,MEMA,MEMA,2006/09/12 00:00:00+00
325518.380800001,827693.1076,42,CHATHAM POLICE DEPARTMENT,249 GEORGE RYDER ROAD,CHATHAM,MA,02633,LOCAL,MEMA,MEMA,2014/03/01 00:00:00+00
237884.084200002,904378.230900001,43,CHELSEA POLICE DEPARTMENT,19 PARK STREET,CHELSEA,MA,02150,LOCAL,MASSGIS,MASSGIS,2022/05/02 00:00:00+00
63503.8042000011,924814.760899998,44,CHESHIRE POLICE DEPARTMENT,90 CHURCH STREET,CHESHIRE,MA,01225,LOCAL,BRPC,MEMA,2006/09/12 00:00:00+00
89380.4941999987,905541.670899998,45,CHESTERFIELD POLICE DEPARTMENT,422 MAIN ROAD,CHESTERFIELD,MA,01012,LOCAL,MEMA,MEMA,2006/09/12 00:00:00+00
110355.0942,878994.300900001,46,CHICOPEE POLICE DEPARTMENT,110 CHURCH STREET,CHICOPEE,MA,01020,LOCAL,BRPC,MEMA,2006/09/12 00:00:00+00
108606.044200003,882499.1109,47,CHICOPEE POLICE DEPARTMENT - WILLIMANSETT SUBSTATION,803 CHICOPEE STREET,CHICOPEE,MA,01013,LOCAL,BRPC,MEMA,2006/09/12 00:00:00+00
263150.206699997,788216.561700001,48,CHILMARK POLICE DEPARTMENT,15 STATE ROAD,CHILMARK,MA,02535,LOCAL,MASSGIS,MASSGIS,2022/05/02 00:00:00+00
70206.4742000028,941368.120900001,49,CLARKSBURG POLICE DEPARTMENT,111 RIVER ROAD,CLARKSBURG,MA,01247,LOCAL,BRPC,MEMA,2006/09/12 00:00:00+00
257857.614200003,888048.9509,50,COHASSET POLICE DEPARTMENT,62 ELM STREET,COHASSET,MA,02025,LOCAL,MAPC,MEMA,2006/09/12 00:00:00+00
212834.884199999,911785.8609,51,CONCORD POLICE DEPARTMENT,219 WALDEN STREET,CONCORD,MA,01742,LOCAL,MEMA,MEMA,2006/09/12 00:00:00+00
62717.314199999,914922.820900001,52,DALTON POLICE DEPARTMENT,462 MAIN STREET,DALTON,MA,01226,LOCAL,BRPC,MEMA,2006/09/12 00:00:00+00
243017.4943,820972.566199999,53,DARTMOUTH POLICE DEPARTMENT,1390 TUCKER ROAD,DARTMOUTH,MA,02747,LOCAL,MASSGIS,MASSGIS,2022/05/03 00:00:00+00
226905.724200003,888677.7509,54,DEDHAM POLICE DEPARTMENT,600 HIGH STREET,DEDHAM,MA,02026,LOCAL,MEMA,MEMA,2006/09/12 00:00:00+00
108864.7042,914901.570900001,55,DEERFIELD POLICE DEPARTMENT,8 CONWAY STREET,DEERFIELD,MA,01373,LOCAL,FRCOG,MEMA,2014/03/01 00:00:00+00
231499.554200001,841926.1609,56,DIGHTON POLICE DEPARTMENT,1551 SOMERSET AVENUE,DIGHTON,MA,02715,LOCAL,MEMA,MEMA,2006/09/12 00:00:00+00
166747.678900003,888271.703400001,57,LEICESTER POLICE DEPARTMENT,90 SOUTH MAIN STREET,LEICESTER,MA,01524,LOCAL,MEMA,MEMA,2006/09/12 00:00:00+00
180211.8719,927536.2597,58,LUNENBURG POLICE DEPARTMENT,655 MASSACHUSETTS AVENUE,LUNENBURG,MA,01462,LOCAL,MASSGIS,MASSGIS,2022/05/12 00:00:00+00
225183.3737,864765.259500001,59,MANSFIELD POLICE DEPARTMENT,500A EAST STREET,MANSFIELD,MA,02048,LOCAL,MASSGIS,MASSGIS,2022/05/12 00:00:00+00
260680.6611,828723.5416,60,MARION POLICE DEPARTMENT,550 MILL STREET,MARION,MA,02738,LOCAL,MEMA,MEMA,2014/03/01 00:00:00+00
266696.684199996,871694.260899998,61,MARSHFIELD POLICE DEPARTMENT,1639 OCEAN STREET,MARSHFIELD,MA,02050,LOCAL,MAPC,MEMA,2006/09/12 00:00:00+00
283780.544200003,819286.720899999,62,MASHPEE POLICE DEPARTMENT,19 FRANK E HICKS DRIVE,MASHPEE,MA,02649,LOCAL,MEMA,MEMA,2006/09/12 00:00:00+00
178594.724200003,919713.230900001,63,LEOMINSTER POLICE DEPARTMENT,29 CHURCH STREET,LEOMINSTER,MA,01453,LOCAL,MEMA,MEMA,2006/09/12 00:00:00+00
117928.101899996,913120.093800001,64,LEVERETT POLICE DEPARTMENT,95 MONTAGUE ROAD,LEVERETT,MA,01054,LOCAL,FRCOG,MEMA,2006/09/12 00:00:00+00
257833.964199997,823922.900899999,65,MATTAPOISETT POLICE DEPARTMENT,64 COUNTY ROAD,MATTAPOISETT,MA,02739,LOCAL,MEMA,MEMA,2006/09/12 00:00:00+00
215723.434199996,882322.210900001,66,MEDFIELD POLICE DEPARTMENT,110 NORTH STREET,MEDFIELD,MA,02052,LOCAL,MEMA,MEMA,2006/09/12 00:00:00+00
206150.974200003,876652.5909,67,MEDWAY POLICE DEPARTMENT,315 VILLAGE STREET,MEDWAY,MA,02053,LOCAL,MEMA,MEMA,2006/09/12 00:00:00+00
195794.364200003,872797.490899999,68,MENDON POLICE DEPARTMENT,22 MAIN STREET,MENDON,MA,01756,LOCAL,MEMA,MEMA,2006/09/12 00:00:00+00
239458.327100001,952788.782699998,69,MERRIMAC POLICE DEPARTMENT,2 JANA WAY,MERRIMAC,MA,01860,LOCAL,MASSGIS,MASSGIS,2022/05/12 00:00:00+00
251135.034199998,850678.616300002,70,MIDDLEBORO POLICE DEPARTMENT,350 WOOD STREET,MIDDLEBOROUGH,MA,02346,LOCAL,MASSGIS,MASSGIS,2022/05/12 00:00:00+00
211297.847000003,879453.285100002,71,MILLIS POLICE DEPARTMENT,1003 MAIN STREET,MILLIS,MA,02054,LOCAL,MASSGIS,MASSGIS,2022/05/12 00:00:00+00
197815.8191,894682.7557,72,SOUTHBOROUGH POLICE DEPARTMENT,32 CORDAVILLE ROAD,SOUTHBOROUGH,MA,01772,LOCAL,MASSGIS,MASSGIS,2022/05/17 00:00:00+00
156378.724200003,869575.190900002,73,SOUTHBRIDGE POLICE DEPARTMENT,1 MECHANIC STREET,SOUTHBRIDGE,MA,01550,LOCAL,MEMA,MEMA,2006/09/12 00:00:00+00
95008.2141999975,867824.5209,74,SOUTHWICK POLICE DEPARTMENT,11 DEPOT STREET,SOUTHWICK,MA,01077,LOCAL,BRPC,MEMA,2006/09/12 00:00:00+00
236054.193000004,901077.1732,75,"STATE POLICE STATION H-1, BEACON HILL",1 ASHBURTON PLACE,BOSTON,MA,02108,STATE,MEMA,MEMA,2006/09/12 00:00:00+00
237932.7936,899615.0119,76,"STATE POLICE STATION E-4, TUNNELS",100 MASSPORT HAUL ROAD,BOSTON,MA,02210,STATE,MEMA,MEMA,2006/09/12 00:00:00+00
237174.361400001,896992.015099999,77,"STATE POLICE STATION H-6, SOUTH BOSTON",125 WILLIAM DAY BOULEVARD,BOSTON,MA,02125,STATE,MEMA,MEMA,2006/09/12 00:00:00+00
229147.6105,901145.1085,78,"STATE POLICE STATION H-5, BRIGHTON",46 LEO BIRMINGHAM PARKWAY,BOSTON,MA,02135,STATE,SP Website,MEMA,2015/12/01 00:00:00+00
217733.134199999,869423.070900001,79,"STATE POLICE STATION H-3, FOXBORO",136 WASHINGTON STREET,FOXBOROUGH,MA,02035,STATE,MEMA,MEMA,2014/03/01 00:00:00+00
242026.604199998,907223.420899998,80,"STATE POLICE STATION A-5, REVERE",220 REVERE BEACH BOULEVARD,REVERE,MA,02151,STATE,MAPC,MEMA,2006/09/12 00:00:00+00
235513.904200003,901906.530900002,81,"STATE POLICE STATION H-4, BOSTON",250 LEVERETT CIRCLE,BOSTON,MA,02114,STATE,MEMA,MEMA,2006/09/12 00:00:00+00
98783.314199999,877778.210900001,82,"STATE POLICE STATION E-3, WESTFIELD",75 SARGENT THOMAS DION WAY,WESTFIELD,MA,01085,STATE,BRPC,MEMA,2014/03/01 00:00:00+00
110200.254199997,873676.0209,83,SPRINGFIELD POLICE DEPARTMENT,130 PEARL STREET,SPRINGFIELD,MA,01105,LOCAL,BRPC,MEMA,2006/09/12 00:00:00+00
248270.116899997,826630.685699999,84,ACUSHNET POLICE DEPARTMENT,64 MIDDLE ROAD,ACUSHNET,MA,02743,LOCAL,MASSGIS,MASSGIS,2022/04/28 00:00:00+00
67154.4742000028,931506.470899999,85,ADAMS POLICE DEPARTMENT,4 SCHOOL STREET,ADAMS,MA,01220,LOCAL,BRPC,MEMA,2006/09/12 00:00:00+00
116218.574199997,903276.6609,86,AMHERST POLICE DEPARTMENT,111 MAIN STREET,AMHERST,MA,01002,LOCAL,BRPC,MEMA,2006/09/12 00:00:00+00
257500.064199999,788352.790899999,87,AQUINNAH POLICE DEPARTMENT,67 STATE ROAD,AQUINNAH,MA,02535,LOCAL,MVC,MEMA,2006/09/12 00:00:00+00
93857.264200002,920305.5209,88,ASHFIELD POLICE DEPARTMENT,412 MAIN STREET,ASHFIELD,MA,01330,LOCAL,FRCOG,MEMA,2006/09/12 00:00:00+00
218153.1642,854805.420899998,89,ATTLEBORO POLICE DEPARTMENT,12 UNION STREET,ATTLEBORO,MA,02703,LOCAL,MEMA,MEMA,2006/09/12 00:00:00+00
171261.334200002,883016.400899999,90,AUBURN POLICE DEPARTMENT,416 OXFORD STREET,AUBURN,MA,01501,LOCAL,MEMA,MEMA,2006/09/12 00:00:00+00
238534.165399998,875508.408199999,91,AVON POLICE DEPARTMENT,86 FAGAN DRIVE,AVON,MA,02322,LOCAL,MASSGIS,MASSGIS,2022/04/29 00:00:00+00
298902.798299998,825698.908199999,92,BARNSTABLE POLICE DEPARTMENT,1200 PHINNEYS LANE,BARNSTABLE,MA,02601,LOCAL,MEMA,MEMA,2006/09/12 00:00:00+00
149663.609899998,906240.664799999,93,BARRE POLICE DEPARTMENT,655 SOUTH STREET,BARRE,MA,01005,LOCAL,MASSGIS,MASSGIS,2022/04/29 00:00:00+00
202819.072099999,869733.376600001,94,BELLINGHAM POLICE DEPARTMENT,30 BLACKSTONE STREET,BELLINGHAM,MA,02019,LOCAL,MASSGIS,MASSGIS,2022/04/29 00:00:00+00
234632.684199996,844053.940900002,95,BERKLEY POLICE DEPARTMENT,3 NORTH MAIN STREET,BERKLEY,MA,02779,LOCAL,MEMA,MEMA,2006/09/12 00:00:00+00
188469.324199997,903396.390900001,96,BERLIN POLICE DEPARTMENT,23 LINDEN STREET,BERLIN,MA,01503,LOCAL,MEMA,MEMA,2006/09/12 00:00:00+00
197261.854199998,863006.800900001,97,BLACKSTONE POLICE DEPARTMENT,15 SAINT PAUL STREET,BLACKSTONE,MA,01504,LOCAL,MEMA,MEMA,2006/09/12 00:00:00+00
190837.752700001,909229.315499999,98,BOLTON POLICE DEPARTMENT,15 WATTAQUADOCK HILL ROAD,BOLTON,MA,01740,LOCAL,MEMA,MEMA,2014/03/01 00:00:00+00
229001.866700001,892986.811799999,99,BOSTON POLICE DEPARTMENT DISTRICT E-5,1708 CENTRE STREET,BOSTON,MA,02132,LOCAL,MEMA,CITY,2006/09/12 00:00:00+00
236217.474200003,901349.050900001,100,BOSTON POLICE DEPARTMENT DISTRICTS A-1 AND A-15,40 NEW SUDBURY STREET,BOSTON,MA,02114,LOCAL,MEMA,CITY,2006/09/12 00:00:00+00
234149.167000003,897632.6985,101,BOSTON POLICE DEPARTMENT DISTRICT B-2,2400 WASHINGTON STREET,BOSTON,MA,02119,LOCAL,MASSGIS,MASSGIS,2022/04/29 00:00:00+00
236357.494199999,894265.900899999,102,BOSTON POLICE DEPARTMENT DISTRICT C-11,40 GIBSON STREET,BOSTON,MA,02122,LOCAL,MEMA,CITY,2006/09/12 00:00:00+00
233676.264200002,892770.230900001,103,BOSTON POLICE DEPARTMENT DISTRICT B-3,1165 BLUE HILL AVENUE,BOSTON,MA,02124,LOCAL,MEMA,CITY,2006/09/12 00:00:00+00
236673.444200002,899054.850900002,104,BOSTON POLICE DEPARTMENT DISTRICT C-6,101 WEST BROADWAY,BOSTON,MA,02127,LOCAL,MEMA,CITY,2006/09/12 00:00:00+00
237986.124200001,902383.9509,105,BOSTON POLICE DEPARTMENT DISTRICT A-7,69 PARIS STREET,BOSTON,MA,02128,LOCAL,MEMA,CITY,2006/09/12 00:00:00+00
232597.684199996,895542.4309,106,BOSTON POLICE DEPARTMENT DISTRICT E-13,3347 WASHINGTON STREET,BOSTON,MA,02130,LOCAL,MEMA,CITY,2006/09/12 00:00:00+00
231002.364200003,889619.630899999,107,BOSTON POLICE DEPARTMENT DISTRICT E-18,1249 HYDE PARK AVENUE,BOSTON,MA,02136,LOCAL,MEMA,CITY,2006/09/12 00:00:00+00
235496.566699997,898862.255399998,108,BOSTON POLICE DEPARTMENT DISTRICT D-4,650 HARRISON AVENUE,BOSTON,MA,02116,LOCAL,MEMA,CITY,2006/09/12 00:00:00+00
233730.934199996,898269.3609,109,BOSTON POLICE DEPARTMENT HEADQUARTERS,1 SCHROEDER PLAZA,BOSTON,MA,02120,LOCAL,MEMA,CITY,2006/09/12 00:00:00+00
235969.544200003,898689.420899998,110,BOSTON POLICE DEPARTMENT TOW LOT,200 FRONTAGE ROAD,BOSTON,MA,02118,LOCAL,MEMA,MEMA,2006/09/12 00:00:00+00
242564.861599997,823272.8138,111,"STATE POLICE STATION D-3, NORTH DARTMOUTH",265 FAUNCE CORNER ROAD,DARTMOUTH,MA,02747,STATE,SRPED,MEMA,2014/03/01 00:00:00+00
155271.289399996,876182.439599998,112,"STATE POLICE STATION E-2, CHARLTON",2727 STURBRIDGE ROAD,CHARLTON,MA,01507,STATE,MEMA,MEMA,2006/09/12 00:00:00+00
246261.511699997,849431.0821,113,"STATE POLICE STATION D-4, MIDDLEBORO",326 WEST GROVE STREET,MIDDLEBOROUGH,MA,02346,STATE,MEMA,MEMA,2006/09/12 00:00:00+00
207076.794799998,894111.390099999,114,"STATE POLICE STATION H-2, FRAMINGHAM",450 WORCESTER ROAD,FRAMINGHAM,MA,01702,STATE,MEMA,MEMA,2006/09/12 00:00:00+00
258265.592,879239.4879,115,"STATE POLICE STATION D-1, NORWELL",6 WEST STREET,NORWELL,MA,02061,STATE,MEMA,MEMA,2006/09/12 00:00:00+00
172304.474200003,898681.150899999,116,"STATE POLICE STATION C-6, HOLDEN",612 MAIN STREET,HOLDEN,MA,01520,STATE,MEMA,MEMA,2006/09/12 00:00:00+00
233598.434199996,885007.2709,117,"STATE POLICE STATION H-7, MILTON",685 HILLSIDE STREET,MILTON,MA,02186,STATE,MAPC,MEMA,2006/09/12 00:00:00+00
316621.460199997,783155.692499999,118,"STATE POLICE STATION D-6, NANTUCKET",83 NORTH LIBERTY STREET,NANTUCKET,MA,02554,STATE,MASSGIS,MASSGIS,2022/05/12 00:00:00+00
231309.249799997,928791.804900002,119,"STATE POLICE STATION A-1, ANDOVER",31 GOULD ROAD,ANDOVER,MA,01810,STATE,MA SP,MA SP,2022/04/28 00:00:00+00
142131.149499997,926146.962299999,120,"STATE POLICE STATION C-1, ATHOL",2289 MAIN STREET,ATHOL,MA,01331,STATE,MEMA,MEMA,2006/09/12 00:00:00+00
180055.214199997,920622.6809,121,"STATE POLICE STATION C-4, LEOMINSTER",30 HAWS STREET,LEOMINSTER,MA,01453,STATE,MEMA,MEMA,2006/09/12 00:00:00+00
151001.912199996,884729.565499999,122,"STATE POLICE STATION C-3, BROOKFIELD",21 SOUTH MAPLE STREET,BROOKFIELD,MA,01506,STATE,MEMA,MEMA,2014/03/01 00:00:00+00
151785.944200002,873706.040899999,123,"STATE POLICE STATION C-5, STURBRIDGE",315 CHARLTON STREET,STURBRIDGE,MA,01566,STATE,MEMA,MEMA,2014/03/01 00:00:00+00
275842.5242,833005.060899999,124,"STATE POLICE STATION D-7, BOURNE","BOURNE ROTARY, ROUTE 28",BOURNE,MA,02532,STATE,MEMA,MEMA,2006/09/12 00:00:00+00
64808.1242000014,927700.540899999,125,"STATE POLICE STATION B-4, CHESHIRE",1141 NORTH STATE ROAD,CHESHIRE,MA,01225,STATE,BRPC,MEMA,2014/03/01 00:00:00+00
277031.2478,801785.688499998,126,"STATE POLICE STATION D-5, OAK BLUFFS",51 TEMAHIGAN AVENUE,OAK BLUFFS,MA,02557,STATE,MEMA,MEMA,2006/09/12 00:00:00+00
158256.314199999,887460.5909,127,SPENCER POLICE DEPARTMENT,9 DEWEY STREET,SPENCER,MA,01562,LOCAL,MEMA,MEMA,2006/09/12 00:00:00+00
179685.784400001,911653.163400002,128,STERLING POLICE DEPARTMENT,135 LEOMINSTER ROAD,STERLING,MA,01564,LOCAL,MEMA,MEMA,2014/03/01 00:00:00+00
232710.404200003,875073.380899999,129,STOUGHTON POLICE DEPARTMENT,26 ROSE STREET,STOUGHTON,MA,02072,LOCAL,MEMA,MEMA,2006/09/12 00:00:00+00
151673.324199997,873613.760899998,130,STURBRIDGE POLICE DEPARTMENT,346 MAIN STREET,STURBRIDGE,MA,01566,LOCAL,MEMA,MEMA,2006/09/12 00:00:00+00
191251.864200003,880514.3609,131,UPTON POLICE DEPARTMENT,30 SCHOOL STREET,UPTON,MA,01568,LOCAL,MEMA,MEMA,2014/03/01 00:00:00+00
187751.2042,869645.530900002,132,UXBRIDGE POLICE DEPARTMENT,275 DOUGLAS STREET,UXBRIDGE,MA,01569,LOCAL,MEMA,MEMA,2006/09/12 00:00:00+00
275024.116099998,800924.221000001,133,TISBURY POLICE DEPARTMENT,32 WATER STREET,TISBURY,MA,02568,LOCAL,MEMA,MEMA,2014/03/01 00:00:00+00
220633.067000002,876548.377099998,134,WALPOLE POLICE DEPARTMENT,50 SOUTH STREET,WALPOLE,MA,02081,LOCAL,MASSGIS,MASSGIS,2022/05/17 00:00:00+00
263673.983900003,835844.6974,135,WAREHAM POLICE DEPARTMENT,2515 CRANBERRY HIGHWAY,WAREHAM,MA,02571,LOCAL,SRPED,MEMA,2006/09/12 00:00:00+00
177398.897399999,903819.5691,136,WEST BOYLSTON POLICE DEPARTMENT,141 STERLING STREET,WEST BOYLSTON,MA,01583,LOCAL,MASSGIS,MASSGIS,2022/05/18 00:00:00+00
246311.088100001,874049.595899999,137,ABINGTON POLICE DEPARTMENT,215 CENTRAL STREET,ABINGTON,MA,02351,LOCAL,MEMA,MEMA,2006/09/12 00:00:00+00
148065.797499999,922146.863400001,138,PHILLIPSTON POLICE DEPARTMENT,40 THE COMMON,PHILLIPSTON,MA,01331,LOCAL,MEMA,MEMA,2006/09/12 00:00:00+00
55833.764200002,912472.0909,139,PITTSFIELD POLICE DEPARTMENT,39 ALLEN STREET,PITTSFIELD,MA,01201,LOCAL,BRPC,MEMA,2006/09/12 00:00:00+00
213182.170699999,862098.703200001,140,PLAINVILLE POLICE DEPARTMENT,194 SOUTH STREET,PLAINVILLE,MA,02762,LOCAL,MASSGIS,MASSGIS,2022/05/16 00:00:00+00
269929.384199999,854046.5009,141,PLYMOUTH POLICE DEPARTMENT,20 LONG POND ROAD,PLYMOUTH,MA,02360,LOCAL,MEMA,MEMA,2006/09/12 00:00:00+00
256594.319600001,856564.353799999,142,PLYMPTON POLICE DEPARTMENT,7 PALMER ROAD,PLYMPTON,MA,02367,LOCAL,MASSGIS,MASSGIS,2022/05/16 00:00:00+00
168787.4542,911122.530900002,143,PRINCETON POLICE DEPARTMENT,8 TOWN HALL DRIVE,PRINCETON,MA,01541,LOCAL,MEMA,MEMA,2014/03/01 00:00:00+00
308111.334200002,867333.850900002,144,PROVINCETOWN POLICE DEPARTMENT,26 SHANKPAINTER ROAD,PROVINCETOWN,MA,02657,LOCAL,CAPECODCOM,MEMA,2006/09/12 00:00:00+00
241584.874200001,889601.040899999,145,QUINCY POLICE DEPARTMENT,1 SEA STREET,QUINCY,MA,02169,LOCAL,MAPC,MEMA,2006/09/12 00:00:00+00
237770.144199997,879083.550900001,146,RANDOLPH POLICE DEPARTMENT,41 SOUTH MAIN STREET,RANDOLPH,MA,02368,LOCAL,MAPC,MEMA,2006/09/12 00:00:00+00
237224.904200003,852514.070900001,147,RAYNHAM POLICE DEPARTMENT,53 ORCHARD STREET,RAYNHAM,MA,02767,LOCAL,SRPED,MEMA,2006/09/12 00:00:00+00
221746.9142,845752.550900001,148,REHOBOTH POLICE DEPARTMENT,334 ANAWAN STREET,REHOBOTH,MA,02769,LOCAL,MEMA,MEMA,2006/09/12 00:00:00+00
241189.797200002,905815.442299999,149,REVERE POLICE DEPARTMENT,400 REVERE BEACH PARKWAY,REVERE,MA,02151,LOCAL,MAPC,MEMA,2014/03/01 00:00:00+00
256723.084200002,831353.4309,150,ROCHESTER POLICE DEPARTMENT,29 DEXTER STREET,ROCHESTER,MA,02770,LOCAL,MEMA,MEMA,2006/09/12 00:00:00+00
249433.935900003,875078.774799999,151,ROCKLAND POLICE DEPARTMENT,490 MARKET STREET,ROCKLAND,MA,02370,LOCAL,MEMA,MEMA,2006/09/12 00:00:00+00
162589.254199997,903053.800900001,152,RUTLAND POLICE DEPARTMENT,242 MAIN STREET,RUTLAND,MA,01543,LOCAL,MEMA,MEMA,2006/09/12 00:00:00+00
284543.765299998,828219.641199999,153,SANDWICH POLICE DEPARTMENT,255 COTUIT ROAD,SANDWICH,MA,02563,LOCAL,MASSGIS,MASSGIS,2022/05/17 00:00:00+00
259387.254900001,884491.093499999,154,SCITUATE POLICE DEPARTMENT,800 CHIEF JUSTICE CUSHING HIGHWAY,SCITUATE,MA,02066,LOCAL,MASSGIS,MASSGIS,2022/05/17 00:00:00+00
214425.831100002,842214.207600001,155,SEEKONK POLICE DEPARTMENT,500 TAUNTON AVENUE,SEEKONK,MA,02771,LOCAL,MEMA,MEMA,2014/03/01 00:00:00+00
225845.351400003,873811.082400002,156,SHARON POLICE DEPARTMENT,213 SOUTH MAIN STREET,SHARON,MA,02067,LOCAL,MEMA,MEMA,2006/09/12 00:00:00+00
98572.9042000026,928401.970899999,157,BUCKLAND POLICE DEPARTMENT,69 1/2 CONWAY STREET,BUCKLAND,MA,01370,LOCAL,MEMA,MEMA,2006/09/12 00:00:00+00
98356.7141999975,928825.050900001,158,SHELBURNE POLICE DEPARTMENT,51 BRIDGE STREET,SHELBURNE,MA,01370,LOCAL,FRCOG,MEMA,2006/09/12 00:00:00+00
181637.884499997,893394.211800002,159,SHREWSBURY POLICE DEPARTMENT,106 MAPLE AVENUE,SHREWSBURY,MA,01545,LOCAL,Parcel,MEMA,2014/03/01 00:00:00+00
229206.415299997,832249.090700001,160,SOMERSET POLICE DEPARTMENT,465 COUNTY STREET,SOMERSET,MA,02726,LOCAL,SRPED,MEMA,2006/09/12 00:00:00+00
233580.6972,903270.991,161,SOMERVILLE POLICE DEPARTMENT,220 WASHINGTON STREET,SOMERVILLE,MA,02143,LOCAL,MEMA,MEMA,2006/09/12 00:00:00+00
85743.177199997,869432.535999998,162,GRANVILLE POLICE DEPARTMENT,707 MAIN STREET,GRANVILLE,MA,01034,LOCAL,MASSGIS,MASSGIS,2022/05/04 00:00:00+00
121750.190300003,868549.984700002,163,HAMPDEN POLICE DEPARTMENT,100 ALLEN STREET,HAMPDEN,MA,01036,LOCAL,MASSGIS,MASSGIS,2022/05/04 00:00:00+00
110542.904200003,867254.780900002,164,LONGMEADOW POLICE DEPARTMENT,34 WILLIAMS STREET,LONGMEADOW,MA,01106,LOCAL,BRPC,MEMA,2006/09/12 00:00:00+00
75592.3893000036,871149.870900001,165,TOLLAND POLICE DEPARTMENT,204 WEST GRANVILLE ROAD,TOLLAND,MA,01034,LOCAL,MASSGIS,MASSGIS,2022/05/17 00:00:00+00
116294.071599998,890439.063700002,166,GRANBY POLICE DEPARTMENT,259A EAST STATE STREET,GRANBY,MA,01033,LOCAL,BRPC,MEMA,2014/03/01 00:00:00+00
132546.114200003,872491.5209,167,MONSON POLICE DEPARTMENT,110 MAIN STREET,MONSON,MA,01057,LOCAL,BRPC,MEMA,2006/09/12 00:00:00+00
130087.844800003,882001.526000001,168,PALMER POLICE DEPARTMENT,4419 MAIN STREET,PALMER,MA,01069,LOCAL,MASSGIS,MASSGIS,2022/05/16 00:00:00+00
131653.093900003,917078.722399998,169,NEW SALEM POLICE DEPARTMENT,19 SOUTH MAIN STREET,NEW SALEM,MA,01355,LOCAL,MEMA,MEMA,2006/09/12 00:00:00+00
99205.1142000034,927949.710900001,170,"STATE POLICE STATION B-2, SHELBURNE FALLS",289 MOHAWK TRAIL,SHELBURNE,MA,01370,STATE,BRPC,MEMA,2006/09/12 00:00:00+00
131314.935199998,937192.3816,171,WARWICK POLICE DEPARTMENT,12 ATHOL ROAD,WARWICK,MA,01378,LOCAL,MEMA,MEMA,2014/03/01 00:00:00+00
141888.856899999,874409.187899999,172,BRIMFIELD POLICE DEPARTMENT,34 WALES ROAD,BRIMFIELD,MA,01010,LOCAL,BRPC,MEMA,2014/03/01 00:00:00+00
145249.429200001,868609.720400002,173,HOLLAND POLICE DEPARTMENT,27 STURBRIDGE ROAD,HOLLAND,MA,01521,LOCAL,BRPC,MEMA,2006/09/12 00:00:00+00
140384.754199997,869483.0009,174,WALES POLICE DEPARTMENT,3 HOLLOW ROAD,WALES,MA,01081,LOCAL,BRPC,MEMA,2006/09/12 00:00:00+00
138813.297700003,890344.272599999,175,WARE POLICE DEPARTMENT,22 NORTH STREET,WARE,MA,01082,LOCAL,BRPC,MEMA,2014/03/01 00:00:00+00
165935.455499999,930988.690499999,176,ASHBURNHAM POLICE DEPARTMENT,99 CENTRAL STREET,ASHBURNHAM,MA,01430,LOCAL,MRPC,MEMA,2014/03/01 00:00:00+00
139887.561399996,927528.9168,177,ATHOL POLICE DEPARTMENT,280 EXCHANGE STREET,ATHOL,MA,01331,LOCAL,MRPC,MEMA,2014/03/01 00:00:00+00
184969.284199998,907191.050900001,178,CLINTON POLICE DEPARTMENT,176 CHESTNUT STREET,CLINTON,MA,01510,LOCAL,MRPC,MEMA,2006/09/12 00:00:00+00
175454.574199997,926025.8409,179,FITCHBURG POLICE DEPARTMENT,20 ELM STREET,FITCHBURG,MA,01420,LOCAL,MRPC,MEMA,2006/09/12 00:00:00+00
159450.0392,924754.463799998,180,GARDNER POLICE DEPARTMENT,200 MAIN STREET,GARDNER,MA,01440,LOCAL,CITY,CITY,2015/11/30 00:00:00+00
193081.324199997,917331.7509,181,HARVARD POLICE DEPARTMENT,40 AYER ROAD,HARVARD,MA,01451,LOCAL,MRPC,MEMA,2006/09/12 00:00:00+00
158252.8442,913953.7009,182,HUBBARDSTON POLICE DEPARTMENT,"7 MAIN STREET, UNIT 9",HUBBARDSTON,MA,01452,LOCAL,MRPC,MEMA,2006/09/12 00:00:00+00
185758.325099997,912637.840500001,183,LANCASTER POLICE DEPARTMENT,1053 MAIN STREET,LANCASTER,MA,01523,LOCAL,MASSGIS,MASSGIS,2022/05/04 00:00:00+00
143624.234200001,936061.960900001,184,ROYALSTON POLICE DEPARTMENT,1 ATHOL ROAD,ROYALSTON,MA,01368,LOCAL,MRPC,MEMA,2006/09/12 00:00:00+00
166147.7042,921579.7709,185,WESTMINSTER POLICE DEPARTMENT,7 SOUTH STREET,WESTMINSTER,MA,01473,LOCAL,MRPC,MEMA,2006/09/12 00:00:00+00
143805.294200003,915604.280900002,186,PETERSHAM POLICE DEPARTMENT,15 EAST STREET,PETERSHAM,MA,01366,LOCAL,MRPC,MEMA,2006/09/12 00:00:00+00
192447.144199997,923724.030900002,187,AYER POLICE DEPARTMENT,54 PARK STREET,AYER,MA,01432,LOCAL,MAPC,MEMA,2006/09/12 00:00:00+00
193456.264200002,928640.210900001,188,GROTON POLICE DEPARTMENT,99 PLEASANT STREET,GROTON,MA,01450,LOCAL,MRPC,MEMA,2006/09/12 00:00:00+00
241526.414800003,941297.042399999,189,GEORGETOWN POLICE DEPARTMENT,47 CENTRAL STREET,GEORGETOWN,MA,01833,LOCAL,MAPC,MEMA,2006/09/12 00:00:00+00
215899.044200003,901479.550900001,190,WESTON POLICE DEPARTMENT,180 BOSTON POST ROAD BYPASS,WESTON,MA,02493,LOCAL,MAPC,MEMA,2006/09/12 00:00:00+00
227039.614200003,922276.530900002,191,WILMINGTON POLICE DEPARTMENT,1 ADELAIDE STREET,WILMINGTON,MA,01887,LOCAL,MAPC,MEMA,2006/09/12 00:00:00+00
228238.3442,914630.690900002,192,WOBURN POLICE DEPARTMENT,25 HARRISON AVENUE,WOBURN,MA,01801,LOCAL,MAPC,MEMA,2006/09/12 00:00:00+00
227430.4542,939783.740899999,193,LAWRENCE POLICE DEPARTMENT,90 LOWELL STREET,LAWRENCE,MA,01840,LOCAL,MAPC,MEMA,2006/09/12 00:00:00+00
232097.466799997,907376.347399998,194,MEDFORD POLICE DEPARTMENT,100 MAIN STREET,MEDFORD,MA,02155,LOCAL,MAPC,MEMA,2006/09/12 00:00:00+00
234310.0942,906062.070900001,195,"STATE POLICE STATION A-4, MEDFORD",520 FELLSWAY,MEDFORD,MA,02155,STATE,MAPC,MEMA,2006/09/12 00:00:00+00
235661.5167,911682.357999999,196,MELROSE POLICE DEPARTMENT,56 WEST FOSTER STREET,MELROSE,MA,02176,LOCAL,MAPC,MEMA,2006/09/12 00:00:00+00
239355.994199999,927686.030900002,197,MIDDLETON POLICE DEPARTMENT,65 NORTH MAIN STREET,MIDDLETON,MA,01949,LOCAL,MAPC,MEMA,2006/09/12 00:00:00+00
212772.634199999,892706.490899999,198,NATICK POLICE DEPARTMENT,20 EAST CENTRAL,NATICK,MA,01760,LOCAL,MAPC,MEMA,2006/09/12 00:00:00+00
222598.4089,899850.684599999,199,NEWTON POLICE DEPARTMENT ANNEX,25 CHESTNUT STREET,NEWTON,MA,02465,LOCAL,MAPC,MEMA,2006/09/12 00:00:00+00
222444.114200003,899921.820900001,200,NEWTON POLICE DEPARTMENT HEADQUARTERS,1321 WASHINGTON STREET,NEWTON,MA,02465,LOCAL,MAPC,MEMA,2006/09/12 00:00:00+00
245951.694200002,919429.3609,201,PEABODY POLICE DEPARTMENT,6 ALLENS LANE,PEABODY,MA,01960,LOCAL,MAPC,MEMA,2006/09/12 00:00:00+00
232770.654200003,919469.210900001,202,READING POLICE DEPARTMENT,15 UNION STREET,READING,MA,01867,LOCAL,MAPC,MEMA,2006/09/12 00:00:00+00
271421.534500003,933119.306499999,203,ROCKPORT POLICE DEPARTMENT,168 MAIN STREET,ROCKPORT,MA,01966,LOCAL,MEMA,MEMA,2006/09/12 00:00:00+00
249584.404200003,918530.6109,204,SALEM POLICE DEPARTMENT,95 MARGIN STREET,SALEM,MA,01970,LOCAL,MAPC,MEMA,2006/09/12 00:00:00+00
240554.444200002,912843.130899999,205,SAUGUS POLICE DEPARTMENT,27 HAMILTON STREET,SAUGUS,MA,01906,LOCAL,MAPC,MEMA,2006/09/12 00:00:00+00
210660.626400001,887649.1919,206,SHERBORN POLICE DEPARTMENT,17 WASHINGTON STREET,SHERBORN,MA,01770,LOCAL,MAPC,MEMA,2006/09/12 00:00:00+00
233036.984200001,914547.600900002,207,STONEHAM POLICE DEPARTMENT,47 CENTRAL STREET,STONEHAM,MA,02180,LOCAL,MAPC,MEMA,2006/09/12 00:00:00+00
200043.4542,909480.070900001,208,STOW POLICE DEPARTMENT,305 GREAT ROAD,STOW,MA,01775,LOCAL,MAPC,MEMA,2006/09/12 00:00:00+00
206548.734200001,901138.4109,209,SUDBURY POLICE DEPARTMENT,415 BOSTON POST ROAD,SUDBURY,MA,01776,LOCAL,MAPC,MEMA,2006/09/12 00:00:00+00
248960.053800002,913171.1932,210,SWAMPSCOTT POLICE DEPARTMENT,531 HUMPHREY STREET,SWAMPSCOTT,MA,01907,LOCAL,MASSGIS,MASSGIS,2022/05/17 00:00:00+00
245469.644199997,931232.310899999,211,TOPSFIELD POLICE DEPARTMENT,210 BOSTON STREET,TOPSFIELD,MA,01983,LOCAL,MAPC,MEMA,2006/09/12 00:00:00+00
235390.744199999,917169.650899999,212,WAKEFIELD POLICE DEPARTMENT,1 UNION STREET,WAKEFIELD,MA,01880,LOCAL,MAPC,MEMA,2006/09/12 00:00:00+00
221733.604199998,903489.3609,213,WALTHAM POLICE DEPARTMENT,155 LEXINGTON STREET,WALTHAM,MA,02452,LOCAL,MAPC,MEMA,2006/09/12 00:00:00+00
224670.196099997,902383.307599999,214,WATERTOWN POLICE DEPARTMENT,552 MAIN STREET,WATERTOWN,MA,02472,LOCAL,MAPC,MEMA,2014/03/01 00:00:00+00
211582.684199996,901453.800900001,215,WAYLAND POLICE DEPARTMENT,38 COCHITUATE ROAD,WAYLAND,MA,01778,LOCAL,MAPC,MEMA,2006/09/12 00:00:00+00
250383.1237,928403.271299999,216,WENHAM POLICE DEPARTMENT,1 FRIEND COURT,WENHAM,MA,01984,LOCAL,MAPC,MEMA,2014/03/01 00:00:00+00
214899.133400001,898187.384500001,217,"STATE POLICE STATION E-1, WESTON",668 SOUTH STREET,WESTON,MA,02493,STATE,MAPC,MEMA,2006/09/12 00:00:00+00
146978.924199998,887392.140900001,218,WEST BROOKFIELD POLICE DEPARTMENT,2 EAST MAIN STREET,WEST BROOKFIELD,MA,01585,LOCAL,MEMA,MEMA,2006/09/12 00:00:00+00
245359.6642,883528.9509,219,WEYMOUTH POLICE DEPARTMENT,140 WINTER STREET,WEYMOUTH,MA,02189,LOCAL,MAPC,MEMA,2006/09/12 00:00:00+00
187930.124200001,875386.370900001,220,NORTHBRIDGE POLICE DEPARTMENT,1 HOPE STREET,NORTHBRIDGE,MA,01588,LOCAL,MEMA,MEMA,2006/09/12 00:00:00+00
59961.8342000023,941852.920899998,221,WILLIAMSTOWN POLICE DEPARTMENT,31 NORTH STREET,WILLIAMSTOWN,MA,01267,LOCAL,BRPC,MEMA,2006/09/12 00:00:00+00
242462.0942,903046.260899998,222,WINTHROP POLICE DEPARTMENT,3 METCALF SQUARE,WINTHROP,MA,02152,LOCAL,MAPC,MEMA,2006/09/12 00:00:00+00
175432.575599998,891200.395199999,223,WORCESTER POLICE DEPARTMENT,9-11 LINCOLN SQUARE,WORCESTER,MA,01604,LOCAL,MEMA,MEMA,2014/03/01 00:00:00+00
214159.582000002,868175.234299999,224,WRENTHAM POLICE DEPARTMENT,89 SOUTH STREET,WRENTHAM,MA,02093,LOCAL,MEMA,MEMA,2014/03/01 00:00:00+00
277264.674199998,825593.470899999,225,BARNSTABLE COUNTY SHERIFF,6000 SHERIFF'S PLACE,BOURNE,MA,02532,COUNTY,MASSGIS,MASSGIS,2007/02/13 00:00:00+00
234078.974200003,850153.420899998,226,TAUTON POLICE DEPARTMENT,23 SUMMER STREET,TAUNTON,MA,02780,LOCAL,MEMA,MEMA,2006/09/12 00:00:00+00
311894.935599998,829036.542100001,227,DENNIS POLICE DEPARTMENT,90 BOB CROWELL ROAD,DENNIS,MA,02660,LOCAL,CAPECODCOM,MEMA,2014/03/01 00:00:00+00
154386.890900001,886189.550099999,228,EAST BROOKFIELD POLICE DEPARTMENT,122 CONNIE MACK DRIVE,EAST BROOKFIELD,MA,01515,LOCAL,MEMA,MEMA,2014/03/01 00:00:00+00
281992.084200002,793509.550900001,229,EDGARTOWN POLICE DEPARTMENT,72 PEASES POINT WAY,EDGARTOWN,MA,02539,LOCAL,MEMA,MEMA,2006/09/12 00:00:00+00
263275.564199999,860650.080899999,230,KINGSTON POLICE DEPARTMENT,244 MAIN STREET,KINGSTON,MA,02346,LOCAL,OCPC,MEMA,2006/09/12 00:00:00+00
113919.448700003,926937.189599998,231,MONTAGUE POLICE DEPARTMENT,180 TURNPIKE ROAD,MONTAGUE,MA,01376,LOCAL,FRCOG,MEMA,2014/03/01 00:00:00+00
238831.663599998,902718.344799999,232,"STATE POLICE STATION F-1, LOGAN",2 SERVICE ROAD,BOSTON,MA,02128,STATE,MEMA,MEMA,2014/03/01 00:00:00+00
177413.005500004,875228.9648,233,SUTTON POLICE DEPARTMENT,489 CENTRAL TURNPIKE,SUTTON,MA,01590,LOCAL,MASSGIS,MASSGIS,2022/04/28 00:00:00+00
153475.383599997,922694.470899999,234,TEMPLETON POLICE DEPARTMENT,33 SOUTH ROAD,TEMPLETON,MA,01468,LOCAL,MASSGIS,MASSGIS,2022/05/17 00:00:00+00
318084.166100003,864526.3149,235,TRURO POLICE DEPARTMENT,344 US ROUTE 6,TRURO,MA,02666,LOCAL,MEMA,MEMA,2006/09/12 00:00:00+00
206521.964199997,935461.420899998,236,TYNGSBOROUGH POLICE DEPARTMENT,20 WESTFORD ROAD,TYNGSBOROUGH,MA,01879,LOCAL,MAPC,MEMA,2006/09/12 00:00:00+00
168498.448399998,866742.137400001,237,WEBSTER POLICE DEPARTMENT,357 MAIN STREET,WEBSTER,MA,01570,LOCAL,MASSGIS,MASSGIS,2022/05/17 00:00:00+00
322338.5242,855782.290899999,238,WELLFLEET POLICE DEPARTMENT,36 GROSS HILL ROAD,WELLFLEET,MA,02667,LOCAL,CAPECODCOM,MEMA,2006/09/12 00:00:00+00
240273.4824,863248.238299999,239,WEST BRIDGEWATER POLICE DEPARTMENT,99 WEST CENTER STREET,WEST BRIDGEWATER,MA,02379,LOCAL,MASSGIS,MASSGIS,2022/05/18 00:00:00+00
269818.672200002,796751.103799999,240,WEST TISBURY POLICE DEPARTMENT,454 STATE ROAD,WEST TISBURY,MA,02575,LOCAL,MASSGIS,MASSGIS,2022/05/18 00:00:00+00
190518.404100001,890860.521000002,241,WESTBOROUGH POLICE DEPARTMENT,45 WEST MAIN STREET,WESTBOROUGH,MA,01581,LOCAL,MEMA,MEMA,2014/03/01 00:00:00+00
234517.874399997,813523.031300001,242,WESTPORT POLICE DEPARTMENT,56 HIX BRIDGE ROAD,WESTPORT,MA,02790,LOCAL,MASSGIS,MASSGIS,2022/05/18 00:00:00+00
223055.8539,886434.543299999,243,WESTWOOD POLICE DEPARTMENT,590 HIGH STREET,WESTWOOD,MA,02090,LOCAL,MEMA,MEMA,2006/09/12 00:00:00+00
107740.305200003,911141.589600001,244,WHATELY POLICE DEPARTMENT,77 CHRISTIAN LANE,WHATELY,MA,01373,LOCAL,FRCOG,MEMA,2014/03/01 00:00:00+00
246834.537699997,870643.930399999,245,WHITMAN POLICE DEPARTMENT,20 ESSEX STREET,WHITMAN,MA,02382,LOCAL,OCPC,MEMA,2014/03/01 00:00:00+00
155112.853200004,937041.314800002,246,WINCHENDON POLICE DEPARTMENT,80 CENTRAL STREET,WINCHENDON,MA,01475,LOCAL,MASSGIS,MASSGIS,2022/05/19 00:00:00+00
229946.9287,911488.274099998,247,WINCHESTER POLICE DEPARTMENT,30 MOUNT VERNON STREET,WINCHESTER,MA,01890,LOCAL,MEMA,MEMA,2014/03/01 00:00:00+00
72005.0241999999,919002.210900001,248,WINDSOR POLICE DEPARTMENT,1890 ROUTE 9,WINDSOR,MA,01270,LOCAL,BRPC,MEMA,2006/09/12 00:00:00+00
304511.910599999,825062.019099999,249,YARMOUTH POLICE DEPARTMENT,1 BRAD ERICKSON WAY,YARMOUTH,MA,02673,LOCAL,CAPECODCOM,MEMA,2014/03/01 00:00:00+00
242021.874200001,823930.9509,250,BRISTOL COUNTY SHERIFF,400 FAUNCE CORNER ROAD,DARTMOUTH,MA,02747,COUNTY,MASSGIS,MASSGIS,2007/02/13 00:00:00+00
235629.864200003,898297.690900002,251,SUFFOLK COUNTY SHERIFF,20 BRADSTON STREET,BOSTON,MA,02118,COUNTY,MASSGIS,MEMA,2007/02/13 00:00:00+00
177892.314199999,897109.7509,252,WORCESTER COUNTY SHERIFF,5 PAUL X. TIVNAN DRIVE,WEST BOYLSTON,MA,01583,COUNTY,MASSGIS,MEMA,2006/09/12 00:00:00+00
308500.0942,824626.470899999,253,"STATE POLICE STATION D-2, SOUTH YARMOUTH",1171 STATE ROAD,YARMOUTH,MA,02673,STATE,CAPECODCOM,MEMA,2014/03/01 00:00:00+00
217465.944200002,894470.480900001,254,WELLESLEY POLICE DEPARTMENT,485 WASHINGTON STREET,WELLESLEY,MA,02482,LOCAL,MEMA,MEMA,2006/09/12 00:00:00+00
248615.067599997,818328.638599999,255,NEW BEDFORD POLICE (SOUTH END) STATION 2,912 BROCK AVEENUE,NEW BEDFORD,MA,02744,LOCAL,MASSGIS,MASSGIS,2022/05/13 00:00:00+00
247086.530199997,825842.260499999,256,NEW BEDFORD POLICE (NORTH END) STATION 3,781 ASHLEY BOULEVARD,NEW BEDFORD,MA,02740,LOCAL,SRPED,MEMA,2006/09/12 00:00:00+00
103416.324199997,891235.310899999,257,EASTHAMPTON POLICE DEPARTMENT,32 PAYSON AVENUE,EASTHAMPTON,MA,01027,LOCAL,BRPC,MEMA,2006/09/12 00:00:00+00
93092.4382999986,910906.153200001,258,GOSHEN POLICE DEPARTMENT,42 MAIN STREET,GOSHEN,MA,01032,LOCAL,MASSGIS,MEMA,2015/12/02 00:00:00+00
110770.944200002,900782.830899999,259,HADLEY POLICE DEPARTMENT,15 EAST STREET,HADLEY,MA,01035,LOCAL,BRPC,MEMA,2006/09/12 00:00:00+00
109656.384199999,903034.5009,260,HATFIELD POLICE DEPARTMENT,59 MAIN STREET,HATFIELD,MA,01038,LOCAL,BRPC,MEMA,2006/09/12 00:00:00+00
108467.944200002,884309.960900001,261,HOLYOKE POLICE DEPARTMENT,138 APPLETON STREET,HOLYOKE,MA,01040,LOCAL,BRPC,MEMA,2006/09/12 00:00:00+00
86567.0011000037,887359.873500001,262,HUNTINGTON POLICE DEPARTMENT,24 RUSSELL ROAD,HUNTINGTON,MA,01050,LOCAL,BRPC,MEMA,2006/09/12 00:00:00+00
119688.4142,881012.170899998,263,LUDLOW POLICE DEPARTMENT,612 CHAPIN STREET,LUDLOW,MA,01056,LOCAL,BRPC,MEMA,2006/09/12 00:00:00+00
75621.6142000034,900446.120900001,264,MIDDLEFIELD POLICE DEPARTMENT,188 SKYLINE TRAIL,MIDDLEFIELD,MA,01243,LOCAL,BRPC,MEMA,2006/09/12 00:00:00+00
106650.597000003,897186.4705,265,NORTHAMPTON POLICE DEPARTMENT,29 CENTER STREET,NORTHAMPTON,MA,01060,LOCAL,BRPC,MEMA,2006/09/12 00:00:00+00
120199.964199997,903539.230900001,266,PELHAM POLICE DEPARTMENT,2 SOUTH VALLEY ROAD,PELHAM,MA,01002,LOCAL,BRPC,MEMA,2006/09/12 00:00:00+00
83908.9941999987,919362.170899998,267,PLAINFIELD POLICE DEPARTMENT,315 MAIN STREET,PLAINFIELD,MA,01070,LOCAL,BRPC,MEMA,2006/09/12 00:00:00+00
109690.874200001,885594.440900002,268,SOUTH HADLEY POLICE DEPARTMENT,41 BRIDGE STREET,SOUTH HADLEY,MA,01075,LOCAL,BRPC,MEMA,2006/09/12 00:00:00+00
98558.2342000008,887215.970899999,269,SOUTHAMPTON POLICE DEPARTMENT,8 EAST STREET,SOUTHAMPTON,MA,01073,LOCAL,BRPC,MEMA,2006/09/12 00:00:00+00
130050.5242,892515.730900001,270,"STATE POLICE STATION C-7, BELCHERTOWN",485 WARE ROAD,BELCHERTOWN,MA,01007,STATE,BRPC,MEMA,2006/09/12 00:00:00+00
87819.5542000011,882761.8609,271,"STATE POLICE STATION B-5, RUSSELL",90 WESTFIELD ROAD,RUSSELL,MA,01071,STATE,BRPC,MEMA,2014/03/01 00:00:00+00
247704.021899998,796916.974300001,272,GOSNOLD POLICE DEPARTMENT,28 TOWER HILL ROAD,GOSNOLD,MA,02173,LOCAL,MEMA,MEMA,2007/01/03 00:00:00+00
142644.195900001,884967.682399999,273,WARREN POLICE DEPARTMENT,1 MILTON FOUNTAIN WAY,WARREN,MA,01083,LOCAL,MASSGIS,MASSGIS,2022/05/17 00:00:00+00
270196.994199999,853828.240899999,274,PLYMOUTH COUNTY SHERIFF,26 LONG POND ROAD,PLYMOUTH,MA,02360,COUNTY,MASSGIS,MASSGIS,2007/02/13 00:00:00+00
282008.444200002,793958.570900001,275,DUKES COUNTY SHERIFF,149 MAIN STREET,EDGARTOWN,MA,02539,COUNTY,MASSGIS,MASSGIS,2007/02/13 00:00:00+00
246287.184199996,956321.220899999,276,AMESBURY POLICE DEPARTMENT,19 SCHOOL STREET,AMESBURY,MA,01913,LOCAL,MEMA,MEMA,2006/09/12 00:00:00+00
229312.184199996,934232.790899999,277,ANDOVER POLICE DEPARTMENT,32 NORTH MAIN STREET,ANDOVER,MA,01810,LOCAL,MAPC,MEMA,2006/09/12 00:00:00+00
239844.9542,938172.790899999,278,BOXFORD POLICE DEPARTMENT,285 IPSWICH ROAD,BOXFORD,MA,01921,LOCAL,MAPC,MEMA,2006/09/12 00:00:00+00
225262.396200001,942250.132100001,279,METHUEN POLICE DEPARTMENT,90 HAMPSHIRE STREET,METHUEN,MA,01844,LOCAL,MAPC,MEMA,2006/09/12 00:00:00+00
252357.264200002,949941.560899999,280,NEWBURY POLICE DEPARTMENT,7 MORGAN AVENUE,NEWBURY,MA,01951,LOCAL,MASSGIS,MASSGIS,2022/05/13 00:00:00+00
251341.177299999,951416.362300001,281,NEWBURYPORT POLICE DEPARTMENT,4 GREEN STREET,NEWBURYPORT,MA,01950,LOCAL,MAPC,MEMA,2006/09/12 00:00:00+00
231290.624200001,938004.190900002,282,NORTH ANDOVER POLICE DEPARTMENT,1475 OSGOOD STREET,NORTH ANDOVER,MA,01845,LOCAL,MAPC,MEMA,2014/03/01 00:00:00+00
247823.0942,939692.970899999,283,ROWLEY POLICE DEPARTMENT,477 HAVERHILL STREET,ROWLEY,MA,01969,LOCAL,MAPC,MEMA,2006/09/12 00:00:00+00
254784.243500002,954736.249699999,284,SALISBURY POLICE DEPARTMENT,181 BEACH ROAD,SALISBURY,MA,01952,LOCAL,MASSGIS,MASSGIS,2022/05/17 00:00:00+00
247193.5255,948086.136,285,"STATE POLICE STATION A-2, NEWBURY",200 SCOTLAND ROAD,NEWBURY,MA,01951,STATE,MAPC,MEMA,2006/09/12 00:00:00+00
241892.9542,950187.300900001,286,WEST NEWBURY POLICE DEPARTMENT,403 MAIN STREET,WEST NEWBURY,MA,01985,LOCAL,MAPC,MEMA,2006/09/12 00:00:00+00
210868.264200002,929970.800900001,287,CHELMSFORD POLICE DEPARTMENT,2 OLD NORTH ROAD,CHELMSFORD,MA,01824,LOCAL,MEMA,MEMA,2006/09/12 00:00:00+00
217179.2817,935795.956,288,DRACUT POLICE DEPARTMENT,110 LOONHILL ROAD,DRACUT,MA,01826,LOCAL,MEMA,MEMA,2014/03/01 00:00:00+00
215273.434199996,932965.650899999,289,LOWELL POLICE DEPARTMENT,50 ARCAND DRIVE,LOWELL,MA,01852,LOCAL,MEMA,MEMA,2006/09/12 00:00:00+00
218720.734200001,923546.650899999,290,BILLERICA POLICE DEPARTMENT,6 GOOD STREET,BILLERICA,MA,01821,LOCAL,MEMA,MEMA,2006/09/12 00:00:00+00
221665.924199998,929232.190900002,291,TEWKSBURY POLICE DEPARTMENT,918 MAIN STREET,TEWKSBURY,MA,01876,LOCAL,MEMA,MEMA,2006/09/12 00:00:00+00
205169.864200003,925672.9109,292,WESTFORD POLICE DEPARTMENT,53 MAIN STREET,WESTFORD,MA,01886,LOCAL,MAPC,MEMA,2006/09/12 00:00:00+00
173580.5942,936506.260899998,293,ASHBY POLICE DEPARTMENT,893 MAIN STREET,ASHBY,MA,01431,LOCAL,MAPC,MEMA,2006/09/12 00:00:00+00
191042.934199996,921863.0909,294,"STATE POLICE STATION C-9, DEVENS",59 BUENA VISTA STREET,AYER,MA,01434,STATE,MAPC,MEMA,2006/09/12 00:00:00+00
188424.384199999,921608.0009,295,SHIRLEY POLICE DEPARTMENT,11 KEADY WAY,SHIRLEY,MA,01464,LOCAL,MRPC,MEMA,2006/09/12 00:00:00+00
183600.894199997,936227.260899998,296,TOWNSEND POLICE DEPTARTMENT,70 BROOKLINE STREET,TOWNSEND,MA,01469,LOCAL,MAPC,MEMA,2006/09/12 00:00:00+00
95582.6269999966,895707.7982,297,WESTHAMPTON POLICE DEPARTMENT,48 STAGE ROAD,WESTHAMPTON,MA,01027,LOCAL,BRPC,MEMA2003,2014/03/01 00:00:00+00
148668.2742,896505.760899998,298,NEW BRAINTREE POLICE DEPARTMENT,20 MEMORIAL DRIVE,NEW BRAINTREE,MA,01531,LOCAL,MEMA,MEMA,2007/01/03 00:00:00+00
72307.0922000036,926502.830400001,299,SAVOY POLICE DEPARTMENT,1 STURTEVANT ROAD,SAVOY,MA,02156,LOCAL,MEMA,MEMA,2007/01/03 00:00:00+00
238940.6642,946474.140900001,300,GROVELAND POLICE DEPARTMENT,181 MAIN STREET,GROVELAND,MA,01834,LOCAL,MAPC,MEMA,2006/09/12 00:00:00+00
234416.514200002,947319.300900001,301,HAVERHILL POLICE DEPARTMENT,40 BAILEY BOULEVARD,HAVERHILL,MA,01830,LOCAL,MAPC,MEMA,2006/09/12 00:00:00+00
204552.144199997,914431.760899998,302,ACTON POLICE DEPARTMENT,371 MAIN STREET,ACTON,MA,01720,LOCAL,MAPC,MEMA,2006/09/12 00:00:00+00
228622.6642,907697.170899998,303,ARLINGTON POLICE DEPARTMENT,112 MYSTIC STREET,ARLINGTON,MA,02474,LOCAL,MAPC,MEMA,2006/09/12 00:00:00+00
202842.074199997,890011.480900001,304,ASHLAND POLICE DEPARTMENT,137 MAIN STREET,ASHLAND,MA,01721,LOCAL,MAPC,MEMA,2006/09/12 00:00:00+00
217858.194200002,915825.380899999,305,BEDFORD POLICE DEPARTMENT,2 MUDGE WAY,BEDFORD,MA,01730,LOCAL,MEMA,MEMA,2006/09/12 00:00:00+00
226537.134199999,905122.940900002,306,BELMONT POLICE DEPARTMENT,460 CONCORD AVENUE,BELMONT,MA,02478,LOCAL,MAPC,MEMA,2006/09/12 00:00:00+00
250424.7377,923042.4855,307,BEVERLY POLICE DEPARTMENT,175 ELLIOTT STREET,BEVERLY,MA,01915,LOCAL,MASSGIS,MASSGIS,2022/04/29 00:00:00+00
199393.174199998,914508.580899999,308,BOXBOROUGH POLICE DEPARTMENT,520 MASSACHUSETTS AVENUE,BOXBOROUGH,MA,01719,LOCAL,MAPC,MEMA,2022/05/02 00:00:00+00
225275.054200001,917241.3409,309,BURLINGTON POLICE DEPARTMENT,45 CENTER STREET,BURLINGTON,MA,01803,LOCAL,MAPC,MEMA,2006/09/12 00:00:00+00
212396.284199998,919992.810899999,310,CARLISLE POLICE DEPARTMENT,41 LOWELL STREET,CARLISLE,MA,01741,LOCAL,MAPC,MEMA,2006/09/12 00:00:00+00
208782.964199997,912891.870900001,311,"STATE POLICE STATION A-3, CONCORD",906 ELM STREET,CONCORD,MA,01742,STATE,MAPC,MEMA,2006/09/12 00:00:00+00
245703.154200003,922848.990899999,312,DANVERS POLICE DEPARTMENT,120 ASH STREET,DANVERS,MA,01923,LOCAL,MAPC,MEMA,2006/09/12 00:00:00+00
243631.321699999,926288.232900001,313,"STATE POLICE STATION A-6, DANVERS",485 MAPLE STREET,DANVERS,MA,01923,STATE,MAPC,MEMA,2006/09/12 00:00:00+00
258905.984999999,932113.9432,314,ESSEX POLICE DEPARTMENT,11 JOHN WISE AVE,ESSEX,MA,01929,LOCAL,MASSGIS,MASSGIS,2022/05/04 00:00:00+00
206810.604199998,892230.190900002,315,FRAMINGHAM POLICE DEPARTMENT,1 WILLIAM WELCH WAY,FRAMINGHAM,MA,01702,LOCAL,MAPC,MEMA,2006/09/12 00:00:00+00
268836.244400002,929490.2388,316,GLOUCESTER POLICE DEPARTMENT,197 MAIN STREET,GLOUCESTER,MA,01930,LOCAL,MAPC,MEMA,2006/09/12 00:00:00+00
251566.332800001,929288.847399998,317,HAMILTON POLICE DEPARTMENT,265 BAY ROAD,HAMILTON,MA,01982,LOCAL,MAPC,MEMA,2006/09/12 00:00:00+00
206014.064199999,884110.890900001,318,HOLLISTON POLICE DEPARTMENT,550 WASHINGTON STREET,HOLLISTON,MA,01746,LOCAL,MAPC,MEMA,2006/09/12 00:00:00+00
198042.224200003,886476.490899999,319,HOPKINTON POLICE DEPARTMENT,74 MAIN STREET,HOPKINTON,MA,01748,LOCAL,MAPC,MEMA,2006/09/12 00:00:00+00
196545.855599999,905360.583000001,320,HUDSON POLICE DEPARTMENT,911 MUNICIPAL DRIVE,HUDSON,MA,01749,LOCAL,MASSGIS,MASSGIS,2022/05/04 00:00:00+00
254403.814199999,936598.580899999,321,IPSWICH POLICE DEPARTMENT,15 ELM STREET,IPSWICH,MA,01938,LOCAL,MAPC,MEMA,2006/09/12 00:00:00+00
222753.494199999,910707.670899998,322,LEXINGTON POLICE DEPARTMENT,1575 MASSACHUSETTS AVENUE,LEXINGTON,MA,02420,LOCAL,MAPC,MEMA,2006/09/12 00:00:00+00
214026.004199997,906975.4109,323,LINCOLN POLICE DEPARTMENT,169 LINCOLN ROAD,LINCOLN,MA,01773,LOCAL,MAPC,MEMA,2006/09/12 00:00:00+00
201449.778399996,922402.897300001,324,LITTLETON POLICE DEPARTMENT,500 GREAT ROAD,LITTLETON,MA,01460,LOCAL,MAPC,MEMA,2014/03/01 00:00:00+00
237193.804200001,920955.320900001,325,LYNNFIELD POLICE DEPARTMENT,55 SUMMER STREET,LYNNFIELD,MA,01940,LOCAL,MAPC,MEMA,2006/09/12 00:00:00+00
245336.984200001,912940.830899999,326,LYNN POLICE DEPARTMENT,300 WASHINGTON STREET,LYNN,MA,01901,LOCAL,MAPC,MEMA,2006/09/12 00:00:00+00
237280.6228,908935.818399999,327,MALDEN POLICE DEPARTMENT,800 EASTERN AVE,MALDEN,MA,02148,LOCAL,MASSGIS,MASSGIS,2022/05/12 00:00:00+00
259727.644199997,925178.240899999,328,MANCHESTER BY-THE-SEA POLICE DEPARTMENT,10 CENTRAL STREET,MANCHESTER,MA,01944,LOCAL,MAPC,MEMA,2006/09/12 00:00:00+00
252646.5242,916412.370900001,329,MARBLEHEAD POLICE DEARTMENT,11 GERRY STREET,MARBLEHEAD,MA,01945,LOCAL,MAPC,MEMA,2006/09/12 00:00:00+00
195782.0942,900855.9109,330,MARLBOROUGH POLICE DEPARTMENT,335 BOLTON STREET,MARLBOROUGH,MA,01752,LOCAL,MAPC,MEMA,2006/09/12 00:00:00+00
203177.245800003,908878.817600001,331,MAYNARD POLICE DEPARTMENT,197 MAIN STREET,MAYNARD,MA,01754,LOCAL,MAPC,MEMA,2014/03/01 00:00:00+00
107065.2742,873436.670899998,332,WEST SPRINGFIELD POLICE DEPARTMENT,26 CENTRAL STREET,WEST SPRINGFIELD,MA,01089,LOCAL,BRPC,MEMA,2006/09/12 00:00:00+00
96489.0041999966,875333.320900001,333,WESTFIELD POLICE DEPARTMENT,15 WASHINGTON STREET,WESTFIELD,MA,01085,LOCAL,BRPC,MEMA,2006/09/12 00:00:00+00
116546.974200003,884289.8409,334,HAMPDEN COUNTY SHERIFF,627 RANDALL ROAD,LUDLOW,MA,01056,COUNTY,BRPC,MEMA,2006/09/12 00:00:00+00
198272.764200002,876476.600900002,335,MILFORD POLICE DEPARTMENT,250 MAIN STREET,MILFORD,MA,01757,LOCAL,MEMA,MEMA,2006/09/12 00:00:00+00
178353.324199997,882101.6609,336,MILLBURY POLICE DEPARTMENT,127 ELM STREET,MILLBURY,MA,01527,LOCAL,MEMA,MEMA,2006/09/12 00:00:00+00
193251.054200001,864113.260899998,337,MILLVILLE POLICE DEPARTMENT,10 CENTRAL STREET,MILLVILLE,MA,01529,LOCAL,MEMA,MEMA,2006/09/12 00:00:00+00
234708.1752,889176.2894,338,MILTON POLICE DEPARTMENT,40 HIGHLAND STREET,MILTON,MA,02186,LOCAL,MAPC,MEMA,2006/09/12 00:00:00+00
247223.354199998,908724.5909,339,NAHANT POLICE DEPARTMENT,198 NAHANT ROAD,NAHANT,MA,01908,LOCAL,MAPC,MEMA,2006/09/12 00:00:00+00
318339.544399999,780696.634799998,340,NANTUCKET POLICE DEPARTMENT,4 FAIRGROUNDS ROAD,NANTUCKET,MA,02554,LOCAL,MEMA,MEMA,2014/03/01 00:00:00+00
221707.797799997,892045.7038,341,NEEDHAM POLICE DEPARTMENT,88 CHESTNUT STRET,NEEDHAM,MA,02492,LOCAL,MASSGIS,MASSGIS,2022/05/13 00:00:00+00
245755.997699998,821020.5009,342,NEW BEDFORD POLICE (WEST END) HEADQUARTERS,871 ROCKDALE AVENUE,NEW BEDFORD,MA,02740,LOCAL,MEMA,MEMA,2006/09/12 00:00:00+00
216067.818899997,871162.594000001,343,NORFOLK POLICE DEPARTMENT,14 SHARON AVENUE,NORFOLK,MA,02056,LOCAL,MASSGIS,MASSGIS,2022/05/13 00:00:00+00
213787.074199997,858725.190900002,344,NORTH ATTLEBORO POLICE DEPARTMENT,102 SOUTH WASHINGTON STREET,NORTH ATTLEBOROUGH,MA,02760,LOCAL,MEMA,MEMA,2006/09/12 00:00:00+00
151920.462300003,891113.947099999,345,NORTH BROOKFIELD POLICE DEPARTMENT,55 SCHOOL STREET,NORTH BROOKFIELD,MA,01535,LOCAL,MEMA,MEMA,2014/03/01 00:00:00+00
234669.194200002,924904.550900001,346,NORTH READING POLICE DEPARTMENT,152 PARK STREET,NORTH READING,MA,01864,LOCAL,MEMA,MEMA,2006/09/12 00:00:00+00
189533.044799998,897256.3398,347,NORTHBOROUGH POLICE DEPARTMENT,211 MAIN STREET,NORTHBOROUGH,MA,01532,LOCAL,MEMA,MEMA,2006/09/12 00:00:00+00
121661.0942,938563.960900001,348,NORTHFIELD POLICE DEPARTMENT,69 MAIN STREET,NORTHFIELD,MA,01360,LOCAL,FRCOG,MEMA,2006/09/12 00:00:00+00
226637.044200003,857984.210900001,349,NORTON POLICE DEPARTMENT,82 MAIN STREET,NORTON,MA,02766,LOCAL,SRPED,MEMA,2006/09/12 00:00:00+00
258445.794200003,879014.470899999,350,NORWELL POLICE DEPARTMENT,40 RIVER STREET,NORWELL,MA,02061,LOCAL,MEMA,MEMA,2006/09/12 00:00:00+00
225197.9142,882506.490899999,351,NORWOOD POLICE DEPARTMENT,135 NAHATAN STREET,NORWOOD,MA,02062,LOCAL,MEMA,MEMA,2006/09/12 00:00:00+00
278828.104199998,801260.080899999,352,OAK BLUFFS POLICE DEPARTMENT,2 OAK BLUFFS AVENUE,OAK BLUFFS,MA,02568,LOCAL,MEMA,MEMA,2006/09/12 00:00:00+00
154739.994199999,900982.7509,353,OAKHAM POLICE DEPARTMENT,178 BARRE ROAD,OAKHAM,MA,01068,LOCAL,MEMA,MEMA,2006/09/12 00:00:00+00
134922.127999999,926177.403499998,354,ORANGE POLICE DEPARTMENT,400 EAST RIVER STREET,ORANGE,MA,01364,LOCAL,FRCOG,MEMA,2006/09/12 00:00:00+00
325718.754199997,837902.720899999,355,ORLEANS POLICE DEPARTMENT,99 ELDREDGE PARKWAY,ORLEANS,MA,02653,LOCAL,MASSGIS,MASSGIS,2022/05/16 00:00:00+00
169621.694799997,876529.041499998,356,OXFORD POLICE DEPARTMENT,503 MAIN STREET,OXFORD,MA,01540,LOCAL,MEMA,MEMA,2014/03/01 00:00:00+00
165294.604500003,895081.460700002,357,PAXTON POLICE DEPARTMENT,576 PLEASANT STREET,PAXTON,MA,01612,LOCAL,MASSGIS,MASSGIS,2022/05/16 00:00:00+00
257258.961599998,869314.402399998,358,PEMBROKE POLICE DEPARTMENT,80 CENTER STREET,PEMBROKE,MA,02359,LOCAL,MEMA,MEMA,2014/03/01 00:00:00+00
192965.194200002,935004.890900001,359,PEPPERELL POLICE DEPARTMENT,59 MAIN STREET,PEPPERELL,MA,01463,LOCAL,MEMA,MEMA,2006/09/12 00:00:00+00
242119.244199999,927553.490899999,360,ESSEX COUNTY SHERIFF,20 MANNING AVENUE,MIDDLETON,MA,01949,COUNTY,MASSGIS,MASSGIS,2007/02/13 00:00:00+00
233145.179499999,905858.9241,361,MIDDLESEX COUNTY SHERIFF,400 MYSTIC AVENUE,MEDFORD,MA,02141,COUNTY,MASS.GOV,MASSGIS,2015/12/01 00:00:00+00
317364.548600003,782634.489300001,362,NANTUCKET COUNTY SHERIFF,16 BROAD STREET,NANTUCKET,MA,02554,COUNTY,MASSGIS,MASSGIS,2007/02/13 00:00:00+00
224029.764200002,889962.0209,363,NORFOLK COUNTY SHERIFF,200 WEST STREET,DEDHAM,MA,02027,COUNTY,MASSGIS,MASSGIS,2007/02/13 00:00:00+00
85609.3144999966,912740.648400001,364,CUMMINGTON POLICE DEPARTMENT,8 FAIRGROUNDS ROAD,CUMMINGTON,MA,01026,LOCAL,BRPC,MEMA,2014/03/01 00:00:00+00
123610.444300003,878509.083700001,365,WILBRAHAM POLICE DEPARTMENT,2780 BOSTON ROAD,WILBRAHAM,MA,01095,LOCAL,BRPC,MEMA,2006/09/12 00:00:00+00
81613.9241999984,907244.280900002,366,WORTHINGTON POLICE DEPARTMENT,51 HUNTINGTON ROAD,WORTHINGTON,MA,01098,LOCAL,BRPC,MEMA,2014/03/01 00:00:00+00
71462.1542000026,892987.580899999,367,BECKET POLICE DEPARTMENT,557 MAIN STREET,BECKET,MA,01223,LOCAL,BRPC,MEMA,2006/09/12 00:00:00+00
40722.0769999996,884137.425900001,368,EGREMONT POLICE DEPARTMENT,173 EGREMONT PLAIN ROAD,EGREMONT,MA,01230,LOCAL,MASSGIS,MASSGIS,2022/05/04 00:00:00+00
66487.3442000002,910950.1809,369,HINSDALE POLICE DEPARTMENT,39 SOUTH STREET,HINSDALE,MA,01235,LOCAL,BRPC,MEMA,2006/09/12 00:00:00+00
58053.1542000026,920190.330899999,370,LANESBOROUGH POLICE DEPARTMENT,8 PROSPECT STREET,LANESBOROUGH,MA,01237,LOCAL,BRPC,MEMA,2014/03/01 00:00:00+00
55814.4641999975,896436.890900001,371,LEE POLICE DEPARTMENT,30 MAIN STREET,LEE,MA,01238,LOCAL,BRPC,MEMA,2006/09/12 00:00:00+00
58429.4152999967,882454.234099999,372,MONTEREY POLICE DEPARTMENT,435 MAIN ROAD,MONTEREY,MA,01245,LOCAL,BRPC,MEMA,2006/09/12 00:00:00+00
53926.7889000028,875113.041000001,373,NEW MARLBOROUGH POLICE DEPARTMENT,807 MILL RIVER SOUTHFIELD ROAD,NEW MARLBOROUGH,MA,01230,LOCAL,MEMA,MEMA,2014/03/01 00:00:00+00
67845.6542000026,939853.050900001,374,NORTH ADAMS POLICE DEPARTMENT,11 SUMMER STREET,NORTH ADAMS,MA,01247,LOCAL,BRPC,MEMA,2006/09/12 00:00:00+00
72945.1242000014,910847.150899999,375,PERU POLICE DEPARTMENT,3 EAST MAIN ROAD,PERU,MA,01235,LOCAL,BRPC,MEMA,2006/09/12 00:00:00+00
67910.0341999978,873536.2709,376,SANDISFIELD POLICE DEPARTMENT,3 SILVER BROOK ROAD,SANDISFIELD,MA,01255,LOCAL,MEMA,MEMA,2006/09/12 00:00:00+00
46523.014200002,874599.370900001,377,SHEFFIELD POLICE DEPARTMENT,10 SOUTH MAIN STREET,SHEFFIELD,MA,01257,LOCAL,BRPC,MEMA,2006/09/12 00:00:00+00
55161.6242000014,897676.690900002,378,"STATE POLICE STATION B-1, LEE",215 LAUREL STREET,LEE,MA,01238,STATE,BRPC,MEMA,2006/09/12 00:00:00+00
50856.6987999976,893877.575199999,379,STOCKBRIDGE POLICE DEPARTMENT,50 MAIN STREET,STOCKBRIDGE,MA,01262,LOCAL,MASSGIS,MASSGIS,2022/05/17 00:00:00+00
51277.9011000022,923521.7062,380,HANCOCK POLICE,3650 HANCOCK ROAD,HANCOCK,MA,01237,LOCAL,TOWN,MASSGIS,2022/05/04 00:00:00+00
59442.1341999993,916469.490899999,381,BERKSHIRE COUNTY SHERIFF,467 CHESHIRE ROAD,PITTSFIELD,MA,01201,COUNTY,BRPC,MEMA,2006/09/12 00:00:00+00
66917.4341999963,903770.8409,382,WASHINGTON POLICE DEPARTMENT,8 SUMMIT HILL ROAD,WASHINGTON,MA,01223,LOCAL,BRPC,MEMA,2006/09/12 00:00:00+00
38444.3241999969,873996.4509,383,MOUNT WASHINGTON POLICE DEPARTMENT,2 PLANTAIN POND ROAD,MOUNT WASHINGTON,MA,01258,LOCAL,MASSGIS,MASSGIS,2022/05/20 00:00:00+00
112778.282799996,934406.552700002,384,BERNARDSTON POLICE DEPARTMENT,256 SOUTH STREET,BERNARDSTON,MA,01337,LOCAL,BRPC,MEMA,2014/03/01 00:00:00+00
87447.0411000028,931687.212900002,385,CHARLEMONT POLICE DEPARTMENT,5 FACTORY ROAD,CHARLEMONT,MA,01339,LOCAL,MEMA,MEMA,2006/09/12 00:00:00+00
116460.4542,931385.630899999,386,GILL POLICE DEPARTMENT,196B MAIN ROAD,GILL,MA,01376,LOCAL,BRPC,MEMA,2006/09/12 00:00:00+00
91662.2441999987,936741.0909,387,HEATH POLICE DEPARTMENT,1 EAST MAIN STREET,HEATH,MA,01346,LOCAL,BRPC,MEMA,2006/09/12 00:00:00+00
107612.499300003,938502.163699999,388,LEYDEN POLCIE DEPARTMENT,7 BRATTLEBORO ROAD,LEYDEN,MA,01337,LOCAL,MASSGIS,MASSGIS,2022/05/16 00:00:00+00
85415.5942000002,939178.9109,389,ROWE POLICE DEPARTMENT,321 ZOAR ROAD,ROWE,MA,01367,LOCAL,MEMA,MEMA,2006/09/12 00:00:00+00
125184.0242,911652.6609,390,SHUTESBURY POLICE DEPARTMENT,1 COOLEYVILLE ROAD,SHUTESBURY,MA,01072,LOCAL,FRCOG,MEMA,2006/09/12 00:00:00+00
101648.244199999,918279.810899999,391,CONWAY POLICE DEPARTMENT,32 MAIN STREET,CONWAY,MA,01344,LOCAL,BRPC,MEMA,2006/09/12 00:00:00+00
106074.144199997,901066.210900001,392,"STATE POLICE STATION B-6, NORTHAMPTON",555 NORTH KING STREET,NORTHAMPTON,MA,01060,STATE,BRPC,MEMA,2006/09/12 00:00:00+00
100897.108900003,903227.224599998,393,WILLIAMSBURG POLICE DEPARTMENT,16 S MAIN STREET,WILLIAMSBURG,MA,01039,LOCAL,BRPC,MEMA,2006/09/12 00:00:00+00
42000.7342000008,889026.3609,394,ALFORD POLICE DEPARTMENT,5 ALFORD CENTER ROAD,ALFORD,MA,01230,LOCAL,BRPC,MEMA,2014/03/01 00:00:00+00
52968.1741999984,902184.1809,395,LENOX POLICE DEPARTMENT,6 WALKER STREET,LENOX,MA,01240,LOCAL,BRPC,MEMA,2006/09/12 00:00:00+00
46285.5520000011,906104.920200001,396,RICHMOND POLICE DEPARTMENT,1529 STATE ROAD,RICHMOND,MA,01254,LOCAL,BRPC,MEMA,2006/09/12 00:00:00+00
59345.5584999993,889811.322500002,397,TYRINGHAM POLICE DEPARTMENT,116 MAIN STREET,TYRINGHAM,MA,01264,LOCAL,MASSGIS,MASSGIS,2022/05/17 00:00:00+00
110296.754199997,874958.480900001,398,"STATE POLICE STATION B-3, SPRINGFIELD",600 LIBERTY STREET,SPRINGFIELD,MA,01104,STATE,BRPC,MEMA,2006/09/12 00:00:00+00
104504.254199997,895872.530900002,399,HAMPSHIRE COUNTY SHERIFF,205 ROCKY HILL ROAD,NORTHAMPTON,MA,01060,COUNTY,BRPC,MEMA,2006/09/12 00:00:00+00
46028.3342000023,883770.470899999,400,GREAT BARRINGTON POLICE DEPARTMENT,465 MAIN STREET,GREAT BARRINGTON,MA,01230,LOCAL,BRPC,MEMA,2006/09/12 00:00:00+00
68401.8941999972,883688.980900001,401,OTIS POLICE DEPARTMENT,1 NORTH MAIN ROAD,OTIS,MA,01253,LOCAL,BRPC,MEMA,2006/09/12 00:00:00+00
45548.0241999999,900133.190900002,402,WEST STOCKBRIDGE POLICE DEPARTMENT,21 STATE LINE ROAD,WEST STOCKBRIDGE,MA,01266,LOCAL,BRPC,MEMA,2006/09/12 00:00:00+00
101067.634199999,936612.040899999,403,COLRAIN POLICE DEPARTMENT,55 MAIN ROAD,COLRAIN,MA,01340,LOCAL,BRPC,TOWN,2006/09/12 00:00:00+00
111095.482799999,928503.213799998,404,GREENFIELD POLICE DEPARTMENT,321 HIGH STREET,GREENFIELD,MA,01301,LOCAL,FRCOG,MEMA,2006/09/12 00:00:00+00
110766.464199997,911922.5009,405,SUNDERLAND POLICE DEPARTMENT,105 RIVER ROAD,SUNDERLAND,MA,01375,LOCAL,BRPC,MEMA,2006/09/12 00:00:00+00
108691.9142,927929.280900002,406,FRANKLIN COUNTY SHERIFF,160 ELM STREET,GREENFIELD,MA,01301,COUNTY,BRPC,MEMA,2006/09/12 00:00:00+00
124533.144199997,891585.130899999,407,BELCHERTOWN POLICE DEPARTMENT,70 STATE STREET,BELCHERTOWN,MA,01007,LOCAL,BRPC,MEMA,2006/09/12 00:00:00+00
82290.2340999991,882047.0196,408,BLANDFORD POLICE DEPARTMENT,1 RUSSELL STAGE ROAD,BLANDFORD,MA,01008,LOCAL,BRPC,MEMA,2006/09/12 00:00:00+00
77730.8941999972,893239.650899999,409,CHESTER POLICE DEPARTMENT,15 MIDDLEFIELD ROAD,CHESTER,MA,01011,LOCAL,BRPC,MEMA,2006/09/12 00:00:00+00
104713.7742,870384.260899998,410,AGAWAM POLICE DEPARTMENT,681 SPRINGFIELD STREET,AGAWAM,MA,01030,LOCAL,BRPC,MEMA,2006/09/12 00:00:00+00
116923.9542,868116.070900001,411,EAST LONGMEADOW POLICE DEPARTMENT,160 SOMERS ROAD,EAST LONGMEADOW,MA,01028,LOCAL,BRPC,MEMA,2006/09/12 00:00:00+00
238031.926100001,899635.573199999,412,STATE POLICE MASSACHUSETTS TURNPIKE HEADQUARTERS,50 MASSPORT HAUL ROAD,BOSTON,MA,02210,STATE, ,SP Website,2014/02/26 00:00:00+00
176135.932700001,884207.907099999,413,"STATE POLICE STATION C-2, MILLBURY",367 GREENWOOD STREET,MILLBURY,MA,01527,STATE, ,SP Website,2014/02/26 00:00:00+00
207015.878899999,893947.1173,414,STATE POLICE GENERAL HEADQUARTERS,470 WORCESTER ROAD,FRAMINGHAM,MA,01702,STATE, ,SP Website,2014/02/26 00:00:00+00
207446.239200003,913422.0909,415,STATE POLICE MOUNTED UNIT,50 WETHERBEE STREET,ACTON,MA,01720,STATE, MA SP,MA SP,2014/02/26 00:00:00+00
150406.481600001,885202.2533,416,BROOKFIELD POLICE DEPARTMENT,7 PROUTY STREET,BROOKFIELD,MA,01506,LOCAL,MASSGIS,MASSGIS,2022/05/02 00:00:00+00
221009.336800002,834125.3728,417,SWANSEA POLICE DEPARTMENT,1700 GRAND ARMY OF THE REPUBLIC HIGHWAY,SWANSEA,MA,02777,LOCAL,MASSGIS,MASSGIS,2022/05/17 00:00:00+00
87942.2016000003,883081.815400001,418,RUSSELL POLICE DEPARTMENT,65 MAIN STREET,RUSSELL,MA,01085,LOCAL, ,Town,2014/02/26 00:00:00+00
